w_bigram,freq
нэхърэ нэхъ,216
сыт хуэдэ,213
сыт щыгъуи,209
куэд щIауэ,149
фIы дыдэу,131
Iэмал имыIэу,131
дэнэ къэна,128
абы щыгъуэ,126
Сыт хуэдэ,125
иджыри къэс,122
ящыщ зым,121
махуэ къэс,112
Псалъэм папщIэ,109
щIыхь зиIэ,105
сыту жыпIэмэ,102
Ауэ абы,96
псалъэм папщIэ,93
абы щхьэкIэ,92
Абы щыгъуэ,90
Псом хуэмыдэу,89
дуней псом,87
ЩоджэнцIыкIу Алий,86
ауэ абы,79
псом хуэмыдэу,78
нобэр къыздэсым,75
Сыт щхьэкIэ,73
КIыщокъуэ Алим,72
япэ дыдэу,71
щIалэ цIыкIур,69
щIалэ цIыкIум,69
щIалэ цIыкIу,67
сыт щхьэкIэ,66
нэхъ мыхъуми,66
сыт хуэдиз,65
ауэ сытми,64
Iэмал иIэкъым,62
кIуэ пэтми,61
цIэр зезыхьэ,61
Хэку зауэшхуэм,58
адыгэ литературэм,58
щхьэкIэ жыпIэмэ,57
дунейм къытехьащ,56
гугъу тщIы,55
щыхьэт тохъуэ,55
псы Iуфэм,55
ныбжьыр илъэс,54
Кавказ Ищхъэрэм,53
Абы хэту,53
лъэпкъ литературэм,52
ящыщ зыщ,52
фIэщ хъуркъым,51
зыр зым,51
хъыджэбз цIыкIу,51
Урысей Федерацэм,51
Абы щхьэкIэ,49
филологие щIэныгъэхэм,49
жиIащ абы,49
адыгэ лъэпкъым,48
шэч хэлъкъым,48
япэ дыдэ,47
илъэс куэдкIэ,47
гурэ псэкIэ,47
нэхъ мащIэ,47
жыпIэ хъунущ,47
икIи абы,47
КIэщIу жыпIэмэ,46
махуэ гуэрым,46
дунейм ехыжащ,46
ипкъ иткIэ,45
шэч хэмылъу,45
сытым дежи,44
абы нэхъ,44
куэдкIэ нэхъ,44
щытын хуейщ,44
хъыджэбз цIыкIум,43
хуей хъуащ,43
тхылъ тедзапIэм,43
щыщ пычыгъуэхэр,42
цIэ лъапIэр,42
зыри жимыIэу,41
IутIыж Борис,41
псом япэ,41
абы теухуауэ,41
дэтхэнэ зыми,40
пэж дыдэу,40
жыхуаIэм хуэдэу,40
Куэд дэмыкIыу,39
псом нэхърэ,39
ЕтIуанэ махуэм,38
Пэж дыдэу,38
Абыхэм ящыщ,38
куэд дыдэ,38
абы лъандэрэ,38
псом япэу,37
хъыджэбз цIыкIур,37
мурад ищIащ,37
Нало Заур,37
нэхъ псынщIэу,36
жагъуэ зэрыхъущи,36
абыхэм ящыщ,36
япэ щIыкIэ,35
Сыт къэхъуар,35
къызэралъхурэ илъэс,35
махуэ псом,35
Абы щыгъуэми,34
Адыгэ Хасэм,34
Iэдакъэ къыщIэкIащ,33
хамэ къэрал,33
Иджыри къэс,33
нэгу щIэкIа,33
Сыту пIэрэ,33
цIэкIэ щыIэ,32
Дунейпсо Адыгэ,32
уэрэ сэрэ,32
Ауэ сыт,32
сыт хуэдэу,32
гъэм къыщыщIэдзауэ,31
гъэм дунейм,31
унафэ ищIащ,31
Хэт ищIэрэ,31
Тхьэм ещIэ,31
Адыгэ псалъэ,31
нэхъ дэмыкIыу,30
цIыхубэ тхакIуэ,30
нэхъри нэхъ,30
хуей мэхъу,30
Къэбэрдей-Балъкъэр Республикэм,30
Ауэ щыхъукIэ,30
Литературэ щIэныгъэ,30
нэгъуэщIу жыпIэмэ,29
КIуащ БетIал,29
Хьэвжокъуэ Людмилэ,29
Къэрмокъуэ Хьэмид,29
редактор нэхъыщхьэ,29
зыр адрейм,28
пэтми нэхъ,28
Сабийхэм папщIэ,28
Налшык къалэ,28
фIэкIа умыщIэну,28
Сыт хуэдиз,27
Шортэн Аскэрбий,27
жэуап зыхь,27
фIэщ мэхъу,27
Iуэхур зытетыр,27
Iэдакъэ къыщIэкIа,27
Дэнэ щыIэ,27
Ауэ сытми,26
къэрал университетым,26
Абы къыхэкIыу,26
дыдэм хуэдэу,26
Тхьэгъэзит Зубер,26
цIыхубэ усакIуэ,26
дунейм ехыжа,26
Къэбэрдей-Балъкъэр къэрал,26
Псом нэхърэ,26
абы зыри,26
гугъу пщIымэ,26
игу къэкIыжащ,25
яку дэлъ,25
Ауэ щыхъукIи,25
удз гъэгъа,25
Мис абы,25
Мыр сыт,25
гъэ лъандэрэ,25
хужаIахэм щыщ,25
гум илъыр,24
цIыхубэ артист,24
ХьэфIыцIэ Мухьэмэд,24
ужь иту,24
хуейуэ аращ,24
Абы иужькIэ,24
Мис иджы,24
хэт ищIэрэ,24
Сыт щыгъуи,23
Iуэху еплъыкIэр,23
ЩоджэнцIыкIу Iэдэм,23
НэгъуэщIу жыпIэмэ,23
фIыуэ илъагъу,23
ижь-ижьыж лъандэрэ,23
ХьэкIуащэ Андрей,23
дуней псор,23
жагъуэ зэрыхъунщи,23
Елгъэр Кашиф,23
щыпсэу адыгэхэм,23
нэгъуэщI мыхъуми,23
ящыщ зыуэ,23
дунейм къытехьа,23
нэхъ лъапIэ,23
куэд дэмыкIыу,23
Абыхэм ящыщщ,23
Абы лъандэрэ,22
Iуэхур зыIутыр,22
къиуха нэужь,22
нэхъ тэмэму,22
адыгэ хабзэм,22
къанэ щымыIэу,22
Теунэ Хьэчим,22
нэхъ пасэу,22
Сыту фIыт,22
гъащIэ псор,22
сыту пIэрэ,22
илъэс зыбжанэкIэ,21
хабзэм тету,21
Куэд щIауэ,21
нэгу щIэкIащ,21
абы нэхърэ,21
илъэс куэд,20
цIыху цIыкIум,20
Апхуэдэу щытми,20
урыс пащтыхьым,20
ЩIалэ цIыкIур,20
Мис апхуэдэ,20
къуажэм къыщалъхуащ,20
къызэралъхурэ илъэси,20
абы щыгъуэми,20
Сыту жыпIэмэ,20
абы щыгъуэм,20
къэбэрдей литературэм,20
дэнэ щыIэ,20
нэхъ тыншу,20
Хэку зауэшхуэр,20
щхьэр лъагэу,20
гур нэхъ,20
Iэджэ щIауэ,20
Совет Союзым,20
щыхьэт зэрытехъуэмкIэ,20
КъардэнгъущI Зырамыку,19
хамэ къэралхэм,19
щIагъуэ щымыIэу,19
драмэ театрым,19
Iэмал иIэтэкъым,19
СэмэгумкIэ къыщыщIэдзауэ,19
илъэси 100,19
хъуа нэужь,19
Уэрэ сэрэ,19
Махуэ гуэрым,19
ПащIэ Бэчмырзэ,19
нэху щыху,19
Къэжэр Хьэмид,19
илъэс 75-рэ,19
щIалэ цIыкIухэр,19
Нэгумэ Шорэ,19
Iуэху еплъыкIэ,18
Бицу Анатолэ,18
дыдэм деж,18
сытым щыгъуи,18
гъэ дыдэм,18
шэч лъэпкъ,18
гугъу пщIыр,18
дунейм теткъым,18
къызыхэкIа лъэпкъым,18
щхьэр ищIащ,18
нэхъ куууэ,18
Япэ щIыкIэ,18
игу къегъэкIыж,18
хуэм дыдэу,18
къудей мыхъуу,18
Ленин гъуэгу,18
Абы щыгъуэм,18
псэм хуэдэ,18
гугъу ищIыр,17
щыгъуи хуэдэу,17
псынщIэ дыдэу,17
щыхьэт техъуэ,17
Москва дэт,17
Сокъур Мусэрбий,17
Адыгэ лъэпкъым,17
Журналым къытехуа,17
Подписная цена,17
Иджы абы,17
Къагъырмэс Борис,17
нэхъ гъунэгъу,17
Кавказ зауэм,17
илъэс тIощIрэ,17
ауэ абыхэм,17
1941 гъэм,17
Сыт абы,17
адэ къуэшым,17
етIуанэ махуэм,17
шхын щхьэкIэ,17
щыIэ уэрам,17
Мис аращ,17
нэхъ гугъу,16
дунейм тет,16
Iуэху еплъыкIэхэр,16
1942 гъэм,16
Бещтокъуэ Хьэбас,16
апхуэдэ дыдэу,16
щэху дыдэу,16
гугъу тщIа,16
кIэщIым къриубыдэу,16
сытым хуэдэу,16
Гъут Iэдэм,16
Мыкъуэжь Анатолэ,16
лъэ быдэкIэ,16
нэхърэ нэхъыфIу,16
шэч къытесхьэркъым,16
псалъэ гуапэ,16
1943 гъэм,16
гугъу сщIыр,16
редактор нэхъыщхьэу,16
сыт хуэдизкIэ,15
илъэс мин,15
Тхьэм жиIэ,15
цIэр фIыкIэ,15
жагъуэ умыщI,15
мыхьэнэшхуэ зиIэ,15
жысIащ сигукIэ,15
Псом хуэмыдэжу,15
Шэч хэмылъу,15
Псалъэм къыдэкIуэу,15
Апхуэдэ щIыкIэкIэ,15
илъэс 85-рэ,15
щэнхабзэмкIэ щIыхь,15
куэд мыщIэу,15
щхьэ закъуэ,15
куэд щIащ,15
нэхъ дахэ,15
Мэзыхьэ Борис,15
Нало Ахьмэдхъан,15
пщIэ лей,15
япэ иту,15
Ауэ абыхэм,15
щIэх дыдэ,15
щыпсэу лъэпкъхэм,14
куэд мэхъу,14
тхакIуэ цIэрыIуэ,14
Къэбэрдей къэрал,14
Сэхъурокъуэ Хьэутий,14
нэхъ лъагэ,14
арэзы къыпхухъу,14
адыгэ усыгъэм,14
дэтхэнэ зыри,14
Шэч хэлъкъым,14
Кулиев Къайсын,14
КхъуэIуфэ Хьэчим,14
ауэ сыт,14
Абыхэм ящыщу,14
1957 гъэм,14
икIи нэхъ,14
жыг хадэм,14
100 ирокъу,14
ЩIалэ цIыкIум,14
макъ къэIуащ,14
иужьрей илъэсхэм,14
зыхь секретарь,14
Ахэр псори,14
Абы къыхэкIыуи,14
нэгъуэщI лъэпкъхэм,14
Абы щыхьэт,14
деж кIуащ,14
Махуэ къэс,14
игъащIэ лъандэрэ,14
иужь дыдэу,14
арэзы хъуащ,14
1945 гъэм,14
гугъу тщIыр,14
жеIэ абы,14
фIэщ щIы,14
75-рэ ирокъу,14
къэрал драмэ,14
Къэрмокъуэ Мухьэмэд,13
Налшык дэт,13
цIэр зэрихьэу,13
жиIащ лIыжьым,13
Гуманитар къэхутэныгъэхэмкIэ,13
щрикъум ирихьэлIэу,13
зыми зыри,13
нэгъуэщI лъэпкъ,13
хуэдэ Iуэхуми,13
нэхъ лъэщ,13
Iэмал зэриIэкIэ,13
мыхьэнэшхуэ иIэщ,13
Хэт ищIэн,13
Уэрэзей Афлик,13
лъэпкъ тхыдэм,13
Iуэху лъэпкъ,13
Адыгэ Республикэм,13
нэхъыфI дыдэу,13
жэуап къитащ,13
Абы нэхъ,13
тенджыз Iуфэм,13
адыгэбзэмрэ литературэмкIэ,13
Абы къыхэкIкIэ,13
жэщи махуи,13
Совет Нэхъыщхьэм,13
дзэм къулыкъу,13
Апхуэдэу щыщыткIэ,13
деж щыт,13
лъабжьэ хуэхъуар,13
лирикэ лIыхъужьым,13
щхьэр ещI,13
хъун папщIэ,13
мис иджы,13
Куэд мыщIэу,13
Апхуэдэу щыхъум,13
пьесэм къытращIыкIа,13
лIыжь цIыкIум,13
мащIэ дыдэщ,13
зэман кIэщIым,13
зезыхьэ Къэбэрдей,13
лъэпкъ литературэр,13
сигу къэкIыжащ,13
нэгъуэщI щIыпIэ,12
гъэм абы,12
дуней еплъыкIэ,12
МафIэдз Сэрэбий,12
ХьэIупщы МуIэед,12
Сыт хуэдэу,12
районым хыхьэ,12
Гъубжокъуэ Лиуан,12
нарт эпосым,12
нэхърэ куэдкIэ,12
дзапэ уэрэд,12
къалэнхэр зыгъэзащIэ,12
адэжь щIыналъэм,12
къэрал щыпсэу,12
Махуэ псом,12
фIэкIа нэгъуэщI,12
сыт абы,12
псэ тIэкIу,12
унэ лъэгум,12
сыт хуэдизу,12
абы шэч,12
абы къикIыр,12
джэ макъ,12
абы фIэкIа,12
Тхьэразэ къыпхухъу,12
Псом япэу,12
цIыху мин,12
нэгъуэщI зыгуэр,12
мэз лъапэм,12
адыгэ щIалэм,12
Къэшэж Иннэ,12
дауэ уеплърэ,12
85-рэ ирокъу,12
зауэ гуащIэм,12
дуней тетыкIэм,12
лъэпкъ культурэм,12
лирическэ лIыхъужьыр,12
щIэныгъэ нэхъыщхьэ,12
дэкIа нэужь,12
тхыгъэ куэд,12
щыт пэтми,12
Къардэн Бубэ,12
Псыжь адрыщI,12
дыдэхэм ящыщ,12
пщыхьэщхьэ гуэрым,12
1917 гъэм,12
жэуап итащ,11
адыгэбзэмрэ литературэмрэ,11
зезыхьэ уэрам,11
1939 гъэм,11
фIэщ мыхъуу,11
курыт еджапIэм,11
Сыт иджы,11
тхьэм ещIэ,11
гъэм январым,11
сыткIэ щхьэпэ,11
хуей хъумэ,11
къулыкъу щищIащ,11
абыхэм ящыщу,11
1958 гъэм,11
Ягъэ кIынкъым,11
Iуфэм Iут,11
пщы уэлий,11
дуней гуфIэгъуэр,11
щIыкIэм тету,11
Абы нэхърэ,11
нэр къихуу,11
Iэмал зимыIэщ,11
иужьрей зэманым,11
абы щыхьэт,11
къэрал куэдым,11
къудейм къыщымынэу,11
Iуэху зытетыр,11
тхьэ соIуэ,11
Къамботрэ Лацэрэ,11
1918 гъэм,11
щхьэ Iуэху,11
Романым щыщ,11
гулъытэ хэха,11
щIыпIэ куэдым,11
Адыгэ хэхэс,11
ауэ щыхъукIи,11
зауэ нэужь,11
псы Iуфэ,11
Хэту пIэрэ,11
адыгэ литературэр,11
Журт Биберд,11
Акъсырэ Залымхъан,11
Апхуэдэхэм деж,11
Кабардино-Балкарской Республики,11
къуэ закъуэр,11
лъэпкъ хэмылъу,11
цIыху куэд,11
лъэ макъ,11
МэшбащIэ Исхьэкъ,11
игъуэ нэмысу,11
хэхэс литературэ,10
гъащIэ псом,10
Пэжыр жысIэнщи,10
Ацкъан Руслан,10
Урыс-Кавказ зауэм,10
щыщ адыгэ,10
Iуэхур нэхъ,10
жиIэу аращ,10
Гъуэгу махуэ,10
Дауэ ущыт,10
адыгэ тхыдэм,10
пщэдджыжь гуэрым,10
пасэрей адыгэхэм,10
усэ тхылъ,10
нэгъуэщI куэди,10
Бахъсэн районым,10
гъунэгъу дыдэу,10
кърым хъаным,10
къэкI удз,10
цIыху гъащIэм,10
гур фIы,10
хэхэс адыгэхэм,10
Аращ абы,10
унафэ ещI,10
иджыри къыздэсым,10
псом япэрауэ,10
Абы къикIыр,10
нарт хъыбархэм,10
Къэбэрдей Адыгэ,10
япэ Iыхьэм,10
муслъымэн диным,10
апхуэдэ Iуэху,10
псом хуэмыдэжу,10
ХIХ лIэщIыгъуэм,10
нэгъуэщI Iуэху,10
тIэкIу нэхъ,10
нэхъ иужьыIуэкIэ,10
жиIэрт абы,10
адыгэ лъэпкъхэм,10
филологие щIэныгъэхэмкIэ,10
шыпхъу цIыкIу,10
Южный регион,10
1991 гъэм,10
Ауэ псом,10
Сытым хуэдэу,10
зэманым къриубыдэу,10
зыми ищIэркъым,10
Мис апхуэдэу,10
жиIащ щIалэм,10
нэгъуэщI къэралхэм,10
Адыгэ псалъэм,10
пасэрей адыгэ,10
НэщIэпыджэ Замирэ,10
тхылъ щхьэхуэу,10
фIыуэ щыгъуазэ,10
газетхэмрэ журналхэмрэ,10
псалъэ дахэ,10
гъэм къыщалъхуащ,10
дежкIэ мыхьэнэшхуэ,10
Тхьэм жиIэмэ,10
ужьым иту,10
дахэ дыдэу,9
щIалэ цIыкIухэм,9
щIы щIагъым,9
Тхыдэр щыхьэт,9
Бемырзэ Мухьэдин,9
хъуауэ щытащ,9
тырку сулътIаным,9
лъэпкъым дежкIэ,9
щIэныгъэ-къэхутакIуэ институтым,9
адыгэ тхакIуэ,9
нэхъ лейуэ,9
абы къыхэкIкIэ,9
лажьэр сыт,9
абы фIыуэ,9
цIыкIу гуэрым,9
Къэрал саугъэтым,9
дунейпсо литературэм,9
сыт хуэдизрэ,9
псалъэм пищащ,9
къыдэкIуэу жыпIэмэ,9
адыгэ лъэпкъ,9
гукIи псэкIи,9
анэм деж,9
Дунейм теткъым,9
лажьэ зимыIэ,9
щхьэр игъэкIэрэхъуащ,9
игу къэкIащ,9
ящыщ куэд,9
адыгэ театрым,9
абы къыхэкIыуи,9
ГъэзэщIакIуэ гупым,9
пIэрэ абы,9
езы усакIуэм,9
1940 гъэм,9
ПцIыр сыткIэ,9
1944 гъэм,9
1934 гъэм,9
зэхэлъ псалъэзэблэдз,9
нэхъ ину,9
дуней тетыкIэр,9
езым нэхърэ,9
нэгъуэщI зыгуэру,9
Къэзанокъуэ Жэбагъы,9
еджапIэ нэхъыщхьэхэм,9
дунейпсо зауэм,9
илъэс къэс,9
тэмэму жыпIэмэ,9
Къэбэрдей литературэм,9
нэхъ къищтэу,9
жыг щIагъым,9
фIыуэ узолъагъу,9
лIыжь цIыкIур,9
Адыгэ литературэм,9
Кавказ зауэр,9
гъуэгу махуэ,9
къуажэ цIыкIум,9
БакIуу Хъанджэрий,9
псом щыцIэрыIуэ,9
къигъэзэжа нэужь,9
иджы абы,9
гуапэ хъуащ,9
Хьэх Сэфарбий,9
Тхьэр арэзы,9
Заказ №219,9
Тхьэ соIуэ,9
КъБР-м щIыхь,9
гъэ пщIондэ,9
ящыщ гуэр,9
игъащIэ псокIэ,9
къалэм дэт,9
ящыщ зыр,9
Апхуэдэу щыт,8
хуэфащэ пщIэ,8
ЖьантIэ ТхакIуэ,8
абы деж,8
пщы уэлийм,8
Жылагъуэ палатэм,8
дахэ цIыкIу,8
къэрал кIуэцI,8
1920 гъэм,8
абы иужькIэ,8
щIэныгъэ куу,8
щхьэрэ зэтелъу,8
щIэныгъэ лэжьакIуэ,8
нэхъ хьэлъэ,8
удз лIэужьыгъуэщ,8
2003 гъэм,8
жьэр Iурыхуауэ,8
гъэм сентябрым,8
псы цIыкIум,8
гупсысэ куу,8
Дуней псом,8
1921 гъэм,8
мурад иIэу,8
иджыри куэдрэ,8
хьэщIэ лъапIэ,8
Илъэс зыбжанэкIэ,8
Iуфэм Iус,8
Ищхъэрэм ГъуазджэхэмкIэ,8
Хьэт къэралыгъуэм,8
Дауэ мыхъуми,8
щхьэр ехьэхауэ,8
аращ абы,8
щхьэр къиIэтри,8
макъ къоIу,8
япэ итахэм,8
мэз лъапэхэм,8
хъун щхьэкIэ,8
псори абы,8
игу къокIыж,8
уIэгъэ хьэлъэ,8
унэ цIыкIум,8
гъы макъ,8
гъащIэ кIыхь,8
хъыджэбз цIыкIухэм,8
Дзэ Плъыжьым,8
япэ лъэбакъуэр,8
нэхъыфI дыдэхэм,8
илъэс тIощIым,8
жылагъуэ лэжьакIуэ,8
нэхъ Iей,8
БищIо Борис,8
пасэ дыдэу,8
Абы теухуауэ,8
хъыджэбз дахэ,8
Тыркум щыпсэу,8
абы игу,8
гъэщIэгъуэн куэд,8
адыгэбзэкIи урысыбзэкIи,8
КIурашын БетIал,8
абы хэт,8
КIэщт Мухьэз,8
ЩIэныгъэхэмкIэ Дунейпсо,8
махуэ дыдэм,8
Музыкэ театрым,8
щыщ Iыхьэ,8
гуэр иIэу,8
дауэ хъуну,8
жиIэрт игукIэ,8
къалэмыпэм къыщIэкIащ,8
философие гупсысэ,8
ипэ къихуэу,8
Балъкъэр Фоусэт,8
Урыс пащтыхьым,8
лъэпкъ щэнхабзэм,8
КъуэкIыпIэ Гъунэгъум,8
фIыуэ илъагъурт,8
арауэ пIэрэ,8
Кавказ Ищхъэрэ,8
щыIэу къыщIэкIынкъым,8
кхъухь тедзапIэм,8
хуей хъунущ,8
Къалмыкъ БетIал,8
удз дахэ,8
адэ къуэш,8
куэд щIакъым,8
фIэщ хъурт,8
Нобэр къыздэсым,8
нэхъ цIэрыIуэ,8
дамыгъэ лъапIэхэр,8
1935 гъэм,8
деж щекIуэкIа,8
фIэщ зэрыхъун,8
шэч хэлътэкъым,8
къанэ щIагъуэ,8
Мэзкуу дэт,8
нэхърэ нэхъыбэ,8
зэфIэкIа нэужь,8
жэуап къет,8
адэ къуэшыр,8
Псом япэ,8
Щомахуэ Амырхъан,8
щыта нэужь,8
Абы ирихьэлIэу,8
редактор нэхъыщхьэм,8
мурад сщIащ,8
Сыт мыгъуэ,7
КIэрашэ Тембот,7
щхьэр къыфIэхуауэ,7
Абы къыдэкIуэу,7
фIыуэ слъагъу,7
Гъуд къалэ,7
ЕтIуанэ дунейпсо,7
Нарт эпосым,7
ЛIыжь цIыкIум,7
мурад ещI,7
адыгэ поэзием,7
зыбжанэкIэ къэкI,7
занщIэу докIей,7
гъэм мартым,7
япэ лъэбакъуэхэр,7
Апхуэдэ Iуэху,7
гъэм щыщIэдзауэ,7
КIэрэф Мухьэмэд,7
апхуэдэхэм деж,7
адыгэ IуэрыIуатэм,7
Тхьэм щхьэкIэ,7
кIэщIу жыпIэмэ,7
адэм деж,7
Хъыджэбз цIыкIур,7
курыт еджапIэхэм,7
хуей хъурт,7
Къашыргъэ ХьэпащIэ,7
курыт еджапIэр,7
апхуэдэ щIыкIэкIэ,7
хэт нэхъ,7
кIэм нэс,7
пщы уэлийр,7
урыс пащтыхь,7
ахэр псори,7
псэ зыIут,7
2015 гъэм,7
къыгуэхыпIэ имыIэу,7
куэд щIат,7
1936 гъэм,7
гъэм къыдэкIа,7
лирикэ лIыхъужьыр,7
художественнэ дуней,7
икIи абыхэм,7
сом мин,7
унэ нэщIым,7
Хьэрэмэ Iуащхьэ,7
цIыхубз гуэр,7
Жылэтеж Сэлэдин,7
икIи ахэр,7
дуней еплъыкIэм,7
Тхьэгъэзит Юрэ,7
зыбжанэ хъуауэ,7
щIэныгъэхэмкIэ доктор,7
гъэм июлым,7
прозэу тха,7
Фырэ Руслан,7
Нал къута,7
тхылъ зыбжанэ,7
Сэтэней гуащэ,7
Идар Темрыкъуэ,7
жиIащ лIым,7
Адыгэ хабзэ,7
гъуазджэхэмкIэ щIыхь,7
иджыри илъэс,7
Иужьрей зэманым,7
нэхъ тынш,7
Мазэ ныкъуэ,7
ныкъуэ щхъуантIэ,7
ШэджыхьэщIэ Хьэмыщэ,7
псалъэ быдэ,7
сыту фIыт,7
Мысостышхуэ Пщызэбий,7
Кърым хъаным,7
ауэ щыхъукIэ,7
нэгум щIэтщ,7
Къаныкъуэ Заринэ,7
2010 гъэм,7
щхьэ пщIэ,7
Iуэху гуэр,7
Хъуэпсэгъуэ нур,7
зауэ IэнатIэм,7
нэгъуэщI зыри,7
зыри жиIакъым,7
Сыт жыпIэр,7
цIыкIу гуэр,7
нэщхъыр зэхэлъу,7
анэ шыпхъум,7
зэрыхуейм хуэдэу,7
къэплъытэ хъунущ,7
гум щыщIэр,7
сэр нэхърэ,7
Республикэм щIыхь,7
унафэщIу щытащ,7
япэ тхылъыр,7
Тобэ ярэби,7
Пэжыр жыпIэмэ,7
япэ увыпIэр,7
деж къыщыщIэдзауэ,7
зыри къикIакъым,7
хуэдэ дыдэу,7
къытращIыкIа спектаклым,7
гупсысэ нэхъыщхьэр,7
къуажэм дэс,7
щIэх дыдэу,7
нэхъ Iеижу,7
хэт сыт,7
махуэм ирихьэлIэу,7
ХьэIупэ ДжэбрэIил,7
шыбз гуартэ,7
Къэбэрдей псом,7
адыгэ псоми,7
ящыщ дэтхэнэми,7
цIэ къитIуа,7
1990 гъэм,7
Хамэ къэрал,7
махуэ къэси,7
фIыуэ илъэгъуа,7
Мысачэ Пётр,7
Iуэхур апхуэдэу,7
лъэпкъ усыгъэм,7
нэхъ кIащхъэ,7
зыхуэIуа щыIэкъым,7
адрей лъэпкъхэм,7
Литературэ институтым,7
1953 гъэм,7
къуэ закъуэм,7
нэхърэ мынэхъ,7
ИкIи абы,7
фIэщ хъуртэкъым,7
щыIэ Къэрал,6
илъэс тIощI,6
папщIэ абы,6
Къэрал саугъэтыр,6
щыхьэт зэрытехъуэщи,6
Цагъуэ Нурий,6
Къуэдзокъуэ Хьэсэн,6
усэ куэд,6
къуажэм щыщ,6
жиIащ пасэрейм,6
Къэбэрдей-Балъкъэрым щIыхь,6
гъэм августым,6
цIыхубэ артисткэ,6
щыIэ Адыгэ,6
1972 гъэм,6
районым щыщ,6
къуэш нэхъыжь,6
дыдэм ирихьэлIэу,6
дыдэхэм ящыщщ,6
сигу къэкIащ,6
тэмэм дыдэу,6
фIыуэ яшх,6
гугъу пщIы,6
1999 гъэм,6
игу фIы,6
зым нэхърэ,6
псалъэ шэрыуэхэмрэ,6
жылагъуэ зэгухьэныгъэхэм,6
адэ шыпхъум,6
2013 гъэм,6
Къосыр уэс,6
щхьэр егъэкIэрахъуэ,6
фIыуэ зылъагъу,6
илъэс 95-рэ,6
дэт курыт,6
Iуэхур зэрыщытыр,6
кIуэрыкIуэм тету,6
нэгъуэщI къэрал,6
Iуэху хэлъкъым,6
Алыхьым жиIэмэ,6
Псы Iуфэм,6
зэхэпх къудейуэ,6
нэгъуэщI куэдми,6
Заказ №352,6
Горький Максим,6
Шэвлокъуэ Пётр,6
Евгений Онегин,6
Iуэху еплъыкIэм,6
усакIуэ цIэрыIуэ,6
арэзы техъуащ,6
макъым зригъэIэтащ,6
зауэ губгъуэм,6
Псом япэрауэ,6
щыпсэу адыгэ,6
Къэсей хьэжым,6
ТIымыжь Хьэмыщэ,6
фIэкIа мыхъу,6
зауэр зэриухрэ,6
кърым хъаныр,6
адыгэ хабзэ,6
нэхъ инхэм,6
Ауэ ахэр,6
аддэ жыжьэу,6
Сыт пщIэн,6
зэрыщытам щыхьэт,6
1980 гъэм,6
нэр къижу,6
щIэныгъэхэмкIэ кандидат,6
Къэбэрдей-Балъкъэрым Гуманитар,6
щIэ гуэр,6
Хьэмыку Жаннэ,6
Абы нэмыщI,6
Iэмал иIакъым,6
спектаклым щоджэгу,6
пасэрей алыджхэм,6
апхуэдэ хабзэ,6
апхуэдэ псалъэ,6
цIэ дыдэр,6
Нэсрэн ЖьакIэ,6
гъы макъыр,6
нэхъ Iэзэ,6
хъыбар куэд,6
зыми емыщхь,6
къудейуэ аращ,6
щхьэц фIыцIэ,6
АрщхьэкIэ абы,6
фIэкIа Iуэху,6
щыхьэт наIуэщ,6
1952 гъэм,6
щыщ гуэр,6
псы уэрым,6
яку дэлъа,6
1938 гъэм,6
Пащтыхьымрэ пащтыхь,6
Апхуэдэ дыдэу,6
гум илъ,6
Къамбот абы,6
иужь итщ,6
нобэрей гъащIэм,6
къуажэ советым,6
хуейми удзи,6
фIэкIа къэмынэу,6
нэгу къыщIыхьэжащ,6
удз гъэгъахэр,6
куэд лъандэрэ,6
ауан хэлъу,6
адыгэ хабзэр,6
гъэм июным,6
щхьэ течауэ,6
дунейм къытохьэ,6
хъуну пIэрэ,6
илъэс зыбжанэ,6
абы къыхэкIыу,6
жыг хадэр,6
щым мэхъу,6
къудейуэ арат,6
1961 гъэм,6
сигу къокIыж,6
Дауэ щымытми,6
сыт хуэдизкIи,6
Мухьэмэд сымэ,6
Къумахуэ Мухьэдин,6
Борыкъуей ТIутIэ,6
лъэпкъ зэхэщIыкIыр,6
деж абы,6
щэху цIыкIуу,6
1922 гъэм,6
къэралхэм щыпсэу,6
пщIащэ пылъэлъыжыгъуэщ,6
фIэщ хъункъым,6
Дауэ мыхъуами,6
Бжьыхьэр пщIащэ,6
литературэ щIэныгъэм,6
къриубыдэу абы,6
кIахэ адыгэхэм,6
1955 гъэм,6
щIэныгъэлI цIэрыIуэ,6
сыт щыIэ,6
ХьэтIохъущокъуэ Къазий,6
сэбэп мэхъу,6
мурад ящIащ,6
куэдрэ ущрохьэлIэ,6
1937 гъэм,6
СяужькIэ хуейми,6
фIэщ мыхъумэ,6
пщIантIэм дэт,6
пщым деж,6
щIыпIэм деж,6
щхьэр къиIэтащ,6
фIэщ хъуакъым,6
Сыт мыгъуэр,6
нэхъ гъунэгъуу,6
нэгъуэщI Iэмал,6
Къэбэрдейр Урысейм,6
Федерацэм щIыхь,6
тхакIуэ ныбжьыщIэхэм,6
пщэдджыжь фIыуэ,6
Зыр зым,6
Истэпан Залинэ,6
ЛIэужьыгъуэ зыбжанэу,6
ЖьантIэ УсакIуэ,6
гъэм октябрым,6
ЩIалэ цIыкIухэр,6
амазонкэ къэралыгъуэм,6
урыс литературэм,6
зыфIища усэм,6
1970 гъэм,6
илъэс бжыгъэкIэ,6
гъэм майм,6
1963 гъэм,5
Iуэху зехьэкIэм,5
гъэм декабрым,5
Брай Адэлбий,5
адыгэ щIалэ,5
къалэмыпэм къыщIэкIа,5
Куэд щIащ,5
абы дежкIэ,5
Сытым дежи,5
псы щIыIэ,5
зауэм хэкIуэдащ,5
щхьэкIэ умыгузавэ,5
Iуэху зытет,5
цIыху цIыкIур,5
Мис итIанэ,5
закъуэ фIэкIа,5
арэзы мэхъу,5
АтIэ сыт,5
цIыкIу мыгъуэ,5
Щхьэлыкъуэ къуажэм,5
псалъэ куэд,5
1966 гъэм,5
хуэдэ Iуэху,5
игу къэкIыжри,5
щхьэм пщIэ,5
хъыбар гуэр,5
къэрал академическэ,5
гугъу сщIы,5
пIалъэ зыщIэ,5
Зауэ нэужьым,5
имыIэу епхащ,5
щытыкIэ гугъум,5
лIэщIыгъуэ блэкIам,5
Социалист Лэжьыгъэм,5
ирокъу Хьэвжокъуэ,5
2005 гъэм,5
псори фIыуэ,5
нэхъ лъапIэщ,5
Олимп джэгухэм,5
ЖьакIэмыхъу КIунэ,5
Iэмал зимыIэ,5
Мывэ лъэхъэнэ,5
Пушкин Александр,5
гъэхэм къыщыщIэдзауэ,5
адыгэбзэмрэ адыгэ,5
Абы нэмыщIкIэ,5
жыхуаIэм хуэдэ,5
Ефэнды Джылахъстэн,5
фIыуэ солъагъу,5
нэгу щIэкIар,5
ехъулIэныгъэ нэхъ,5
языныкъуэхэм деж,5
художественнэ Iэзагъ,5
къэрал институтым,5
Абы папщIэ,5
Гъыбзэ хуэфащэт,5
гугъу сщIа,5
1557 гъэм,5
Мыщэ лъэбжьанэ,5
Iуащхьэмахуэ лъапэ,5
Хэт сыт,5
нэхъ дахэр,5
Аддэ жыжьэу,5
фIэщыгъэм щIэту,5
жиIащ Алэдамэ,5
лъэпкъ театрым,5
Iуэху зыIутыр,5
дыщэ губгъуэ,5
IэфI дыдэу,5
Алыхьым ещIэ,5
зэчий зыбгъэдэлъ,5
хъыджэбз хьэщIэм,5
Жэщи махуи,5
жиIэу арат,5
Ара хъунщ,5
2018 гъэм,5
щыкъу анэм,5
сыт жыпIэмэ,5
АфIэунэ Лиуан,5
хабзэ дахэр,5
зэи зыми,5
фIэщыгъэм щIэт,5
Абрэдж Мырзэбэч,5
зым адрейм,5
лIы цIыкIум,5
Ауэ иджы,5
зауэм хэкIуэда,5
ящыщ зыт,5
дэт Литературэ,5
Гамзатов Расул,5
зыхуей хуэзэу,5
хуэдэ къабзэу,5
абы сыт,5
лъэпкъ хэлъкъым,5
Иджы мис,5
ауэ иджы,5
гъуэгу теувэжащ,5
Еплъыт абы,5
адыгэ газетым,5
Апхуэдэм деж,5
хъан гуащэм,5
Илъэс куэд,5
зауэлI мин,5
жиIа щхьэкIэ,5
пащIэкIэ щIэгуфIыкIащ,5
усэ куэдым,5
цIыху Iувым,5
Махуэ къэскIэ,5
Тыркумрэ Кърымымрэ,5
дыдэу жиIащ,5
Быж Нэгъур,5
нэгъуэщI зыгуэрым,5
гъэм апрелым,5
фIэкIа зыри,5
гъэхэм Хьэсэн,5
Абы къыдэкIуэуи,5
Жекамухова Компьютерный,5
Компьютерный набор,5
дунейм тетыр,5
хуэдэу щымытми,5
яужь дыдэу,5
урыс дзэпщхэм,5
ФIы дыдэу,5
дауэ хъун,5
гугъа щхьэкIэ,5
зауэ нэужьым,5
илъэс 25-рэ,5
зэплъыр анэр,5
абы къыхуагъэфэщащ,5
сыт пщIэн,5
абырэ сэрэ,5
цIэрыIуэ хъуа,5
цIыху къызэрыгуэкIым,5
жэщ псом,5
Сыт хуэдизрэ,5
Печать офсетная,5
дзэ къулыкъум,5
ЛIыхъужь цIэ,5
лъакъуэ лъэныкъуэр,5
пщыхэмрэ уэркъхэмрэ,5
кабардинском языке,5
тIощIрэ пщIырэ,5
Марина Жекамухова,5
Вындыжь Марие,5
псэ закъуэ,5
япэ адыгэ,5
азэн джэ,5
зэман лъандэрэ,5
зэи IэщIыб,5
лъэпкъ псоми,5
тхыдэр щыхьэт,5
уей дуней,5
еджэу щытащ,5
нэхъ лъагэу,5
гъэм Налшык,5
культурэмкIэ щIыхь,5
джэ макъыр,5
лъэпкъ литературэхэм,5
литературэм къикIуа,5
тхьэмадэ Сэхъурокъуэ,5
Иджы сыт,5
лъэпкъ художественнэ,5
дунейм зэрехыжрэ,5
Абы ипкъ,5
гъэм ноябрым,5
жыг хадэ,5
Къэбэрдей усыгъэм,5
етIощIанэ лIэщIыгъуэм,5
гъащIэм щыщ,5
усэхэм ящыщ,5
сэр щхьэкIэ,5
курыт школым,5
адыгэ тхакIуэхэм,5
лIэщIыгъуэм икухэм,5
махуэ апщий,5
зыми шэч,5
мыпхуэдэ хъыбар,5
гъэрэ щIырэ,5
Пщы уэлийм,5
щыса нэужь,5
абы иджыри,5
бэракъ плъыжь,5
еджапIэ нэхъыщхьэм,5
сэлам гуапэ,5
Сыту куэд,5
адрей пэшым,5
унэ лъэгур,5
пащтыхь гуащэмрэ,5
уэр фIэкIа,5
Куэд щIакъым,5
къэхутэныгъэхэмкIэ институтым,5
жылэ псом,5
Iуэхур абы,5
ящыщ куэдым,5
адэжь хэкум,5
зауэ гуащIэ,5
зэрыжиIам хуэдэу,5
яку къыдэхъуэ,5
щIалэхэм ящыщ,5
Къущхьэ СулътIан,5
гум къэкIыжащ,5
АрщхьэкIэ дэнэт,5
куэд иIэщ,5
блэкIа лIэщIыгъуэм,5
Бахъсэн псыхъуэ,5
Илъэс мин,5
щIым щыщ,5
гугъу умыщIмэ,5
адыгэ псори,5
IэплIэ хуещI,5
Апхуэдэу екIуэкIыурэ,5
лэжьакIуэ цIэрыIуэ,5
лъэ макъыр,5
къуэ Шардын,5
тырку пащтыхьым,5
гъэм Москва,5
Хьэжыгъэ пут,5
усакIуэ нэхъ,5
дунейм тета,5
пащIэкIэ къыщIогуфIыкI,5
лъапсэм псы,5
кIуэцI IуэхухэмкIэ,5
пщIэрэ щIыхьрэ,5
пасэрей адыгэхэр,5
Мэремыкъуэ Хъусен,5
тенджыз ФIыцIэм,5
ЖьакIэмыхъу КIунэрэ,5
къэрал псом,5
Дэтхэнэ зыми,5
ЦIыху гъащIэр,5
лъэпкъ псом,5
армырауэ пIэрэ,5
1928 гъэм,5
щхьэусыгъуэ иIэщ,5
къыхиха IэщIагъэм,5
Абы сыт,5
тхыгъэ нэхъыфIхэр,5
Iэджэ щIащ,5
КIуэкIуэ Валерэ,5
мыгъуэу пIэрэ,5
хамэ щIыпIэм,5
уафэ лъащIэм,5
Тэрч областым,5
иджыпсту абы,5
щыпсэу адыгэхэр,5
1950 гъэм,5
хунэмыс щIыкIэ,5
Тут Заур,5
гъэм щегъэжьауэ,5
нэмыс щIыкIэ,5
дуней еплъыкIэр,5
пасэрей цIыхум,5
апхуэдэ хъыбар,5
адэжь лъахэм,5
Iэдакъэм къыщIэкIащ,5
пкъыр занщIэу,5
ЩIы щIагъым,5
Адыгэ Академием,5
лъэпкъ зыбжанэм,5
къуэш нэхъыщIэ,5
зыр нэхъ,5
нэхъ хуабжь,5
дэнэ деж,5
абы щыгъуэщ,5
дыщэ медалыр,5
Мис абыхэм,5
псэр пытыху,5
1924 гъэм,5
IэмыщIэ илъ,5
джабэ задэм,5
1861 гъэм,5
къэрал гъунапкъэм,5
Совет властым,5
Абы игу,5
фэр пыкIащ,5
Совет властыр,5
мыхьэнэ зиIэ,5
Усэхэмрэ поэмэхэмрэ,5
куэд хэлъщ,5
Нало Жансэхъу,5
абы жэуап,5
къэпхь хъунущ,5
удзи къремыкI.,5
Тенджыз ФIыцIэм,5
сымэ хуэдэ,5
унафэм щIэту,5
ЖыпIэ хъунущ,5
пащтыхь гуащэ,5
дунейм тетащ,5
нобэ хуэдэ,5
щым хъуащ,5
фIэщ мыхъужу,5
адыгэ литературэ,5
95-рэ ирокъу,5
нэгъуэщI щIыпIэхэм,5
джабэ нэкIум,5
гъуни нэзи,5
махуэ фIыуэ,5
хуейуэ къызолъытэ,5
тхыгъэ купщIафIэхэр,5
Лохвицкий Михаил,5
щыхьэт зытехъуэр,4
упщIэхэм жэуап,4
ужь итщ,4
Хамэ къэралхэм,4
зауэм кIэ,4
Щихухэр иджыри,4
щэху гуэр,4
хьэм бажэ,4
Нобэ хуэдэу,4
Теувэж СулътIан,4
Алий цIыкIу,4
Iэдэм сымэ,4
жыхьэнмэ мафIэм,4
куэдрэ къэхъурт,4
Сыту Iейуэ,4
жысIэ щхьэкIэ,4
Зауэ нэужь,4
нэхърэ нэхъыжь,4
IэплIэ хуищIащ,4
мин бжыгъэхэр,4
фIыуэ плъагъу,4
Лъэпкъ литературэм,4
пщащэ дахэ,4
Iэзэ дыдэу,4
Iус Ростов,4
адыгэ усакIуэ,4
Аращ зэплъыр,4
ЦIыху цIыкIур,4
илъэс 400,4
чэзу хъуащ,4
езы Къамбот,4
Iуэхур здэщыIэр,4
ЩIыхь тхылъхэр,4
Жьэгу пащхьэ,4
къыщыдэкI газетхэмрэ,4
мурад ищIат,4
Къашыргъэ КIурацэ,4
Сонэ Абдулчэрим,4
адыгэ литературэмрэ,4
1864 гъэм,4
Гъуэгупэ псалъэ,4
Уэхъутэ Абдулыхь,4
Япэ дунейпсо,4
апрель мазэм,4
иужь зэманым,4
Япэ дыдэ,4
дамыгъэ лъапIэ,4
илъэс дыдэм,4
Мыз Ахьмэд,4
лэжьыгъэ IэнатIэ,4
чемпион хъуащ,4
щIалэ хьэщIэр,4
Дыгъэ шыр,4
абы зэи,4
Александр Невскэм,4
апхуэдэ цIыху,4
Iуэхум нэхъ,4
щIыналъэм хыхьэ,4
гуащэм деж,4
псэм телъ,4
ужь иуващ,4
зэращIым хуэдэу,4
цIыху къэс,4
къикIуа гъуэгуанэм,4
цIэрэ щхьэрэ,4
Абы къикIыркъым,4
апхуэдэ Iэмал,4
ГукъэкIыжхэм щыщщ,4
закъуэ нэхъ,4
Заказ №75,4
тета псалъэзэблэдзым,4
Брат Хьэбас,4
абы хуабжьу,4
бжэIупэм Iут,4
фIыуэ ищIэрт,4
махуэ хъун,4
иджыри мэкI,4
иужьрей илъэс,4
пьесэм хэт,4
зауэ IуэхухэмкIэ,4
лъандэрэ илъэс,4
апхуэдэу щхьэ,4
адэм илъ,4
ину жиIащ,4
сщIэ мыгъуэрэ,4
жагъуэ хъуауэ,4
Егъэджэныгъэмрэ щIэныгъэмкIэ,4
Заказ №201,4
Къэбэрдей драмэ,4
щIыпIэ жыжьэ,4
къыхуагъэфэщауэ щытащ,4
Берычэт бесын,4
жей IэфIым,4
абы хуэдэ,4
къэс жыхуаIэм,4
куууэ щыгъуазэ,4
мэл хъушэм,4
пIэрэ иджы,4
дауэ цIыхум,4
1997 гъэм,4
пщы щIалэм,4
адыгэ лъэпкъыр,4
1998 гъэм,4
зым адрейр,4
Бэрзэдж Джырандыкъуэ,4
дэр нэхърэ,4
Къэсей хьэжыр,4
хуит къыщащIыжым,4
Дунейм ехыжам,4
пщащэ цIыкIум,4
фIыуэ къыгурыIуэрт,4
Iуэху куэд,4
щIагъ Дрикъуху,4
фIэкI пщIэнтэкъым,4
мелуанрэ мин,4
Дрикъуху дыщIэгъэс,4
хэт зыщIэр,4
тхьэм щхьэкIэ,4
Мухьэмэд бегъымбарым,4
дауэ ущыт,4
Къатхъэн Назир,4
нэгъуэщI щIыпIэхэми,4
уэр щхьэкIэ,4
Мэжид дадэ,4
хуэфащэ гулъытэ,4
хуэдэу зещI,4
абы фIэкI,4
бзэр хъума,4
адэж ЛIы,4
адэм ядэм,4
абы щыгъуи,4
Ауэ иджыпсту,4
Къауц щхьэнтэ,4
Хьэжы Джырандыкъуэ,4
ауэ иджыпсту,4
1923 гъэм,4
1975 гъэм,4
1968 гъэм,4
игукIэ жеIэ,4
къэрал IуэхухэмкIэ,4
тедзапIэм къыщыдэкIащ,4
19-нэ лIэщIыгъуэм,4
Арауэ къыщIэкIынщ,4
япэ секретарь,4
Абы ехьэлIауэ,4
мыхьэнэшхуэ иIащ,4
иужькIэ абы,4
фIыуэ сощIэж,4
Пхуэдэ абы,4
Заказ №246,4
пащIыр зыт,4
теухуа тхыгъэхэр,4
лIыгъэ хэлъу,4
МафIэ мыужьых,4
Ари пэжщ,4
Абы шэч,4
къанжэ унэм,4
лирическэ лIыхъужьым,4
адрей псоми,4
дэт университетым,4
2014 гъэм,4
Псыжь Iуфэ,4
Къэбэрдей-Балъкъэр щIэныгъэ-къэхутакIуэ,4
пщэдджыжьым жьыуэ,4
лъэныкъуэкIэ убгъэдыхьэмэ,4
зэман жыжьэм,4
ЩIыр щытыхукIэ,4
сыт ищIэнт,4
Хурсанэрэ Дахэзилэрэ,4
уэрэ дэрэ,4
къуэ цIыкIу,4
Ауэ дыноплъыху,4
зыри жамыIэу,4
гур гъэпсэху,4
тхыгъэ зыбжанэ,4
IэщIыб ищIакъым,4
гъащIэмрэ ажалымрэ,4
псэм пащIыр,4
дунейм къыщытехьар,4
адыгэ нарт,4
щытыхукIэ блэ,4
фIэщ хъуащ,4
Заказ №1715,4
Ауэ апхуэдэ,4
Адыгэ тхакIуэхэм,4
хъаным деж,4
ауэ зыри,4
Бахъсэн куейм,4
хуэдэ цIыху,4
Абы къищынэмыщIауэ,4
Урыс-Кавказ зауэр,4
ПпэIэщIэ сыхъухункIэ,4
КIуэкIуэ Юрий,4
унафэ къищтащ,4
кIэм нэсу,4
дыдэ хъуат,4
Заказ №94,4
щIэкIыжа нэужь,4
Iэтащхьэ КIуэкIуэ,4
мыбы нэс,4
нэгу щIэкIахэм,4
пщэ къыдохуэ,4
щIалэжь цIыкIу,4
цIэр фIэсщынщ,4
лIыгъэм папщIэ,4
иуха нэужь,4
макъ зэхэпхмэ,4
ауэ къызэрымыкIуэу,4
нэр къихуащ,4
щIалэ гуэрым,4
лъэпкъ мащIэхэм,4
Телъхьэ уанэр,4
урыс тхакIуэ,4
щIалэ закъуэ,4
лIыжь цIыкIу,4
щыщ пычыгъуэ,4
нэхъ куу,4
щIэныгъэмкIэ щIыхь,4
Къэжэр Индрис,4
сабий садым,4
Сыт хуэдизу,4
хуэм дыдэурэ,4
1971 гъэм,4
Дахэзилэрэ Хурсанэрэ,4
хъыбар гъэщIэгъуэн,4
иужь илъэсхэм,4
абы хэту,4
адыгэ къуажэ,4
Iуэхур щекIуэкIыр,4
Адыгэ псалъэр,4
нэху ухъу,4
фIэщ хъун,4
абы куэдрэ,4
теухуа псалъэмакъыр,4
2008 гъэм,4
бгырыс лъэпкъхэм,4
адыгэ мамлюкхэм,4
жыджэру хэтащ,4
тенджыз ФIыцIэ,4
цIэр къыфIащащ,4
къуэ кIуэцIым,4
къалэн нэхъыщхьэр,4
мыпхуэдэ псалъэ,4
жиIащ пщым,4
хъума хъунымкIэ,4
щыIэ псоми,4
УсакIуэ ЩоджэнцIыкIу,4
творческэ гъуэгуанэр,4
Кавказ зауэмрэ,4
къыщалъхуа къуажэм,4
куэду зэхэт,4
нэхъ Iейуэ,4
нэхърэ зэрынэхъ,4
къэралыгъуэр илъэси,4
къыдэкIыгъуэм тета,4
Тэрч районым,4
Япэ адыгэ,4
Джэрыджэ Арсен,4
хьэ банэ,4
ИтIанэ абы,4
яужь итщ,4
гъащIэ гъуэгум,4
Махуэм дунейр,4
хэт ищIэн,4
хуейуэ арати,4
Шэрджэс Алий,4
лъапIэр къыфIащащ,4
бжэ къуагъым,4
Адыгэ пщащэ,4
2000 гъэм,4
Лирикэ лIыхъужьым,4
гъащIэр зырикIт,4
шэч къытрихьэртэкъым,4
Путин Владимир,4
зэрыщытам хуэдэу,4
лъэпкъым къыдекIуэкI,4
къарур инщ,4
лъэкI къимыгъанэу,4
Iэр ищIащ,4
адыгэ бзылъхугъэм,4
фIэкI умыщIэну,4
гъуэгу кIыхь,4
Тхьэ дыдэ,4
зэрыт тхылъ,4
Илъэс дапщэ,4
хуэдиз хъууэ,4
тхыгъэхэм ящыщ,4
Заказ №1139,4
мэз Iувым,4
Заказ №814,4
зэи къэхъуакъым,4
жиIащ Удынэ,4
жэщ гуэрым,4
сонет Iэрамэм,4
сонет Iэрамэр,4
пшэ фIыцIэ,4
Кавказ зауэжьым,4
узыншагъэ быдэ,4
Сонет Iэрамэм,4
Президент Путин,4
1974 гъэм,4
Къэрал Думэм,4
гъащIэ гъуэгур,4
Черкес хэку,4
псом нэхъ,4
дежкIэ нэхъыщхьэр,4
1946 гъэм,4
нэгу щIэкI,4
илъэс ныкъуэ,4
щIыбагъ къыдэт,4
кIэух рифмэ,4
арат абы,4
псом цIэрыIуэ,4
хэхэс адыгэ,4
цIэрыIуэ куэд,4
цIыху мелуан,4
къуэш нэхъыжьым,4
ауэ ари,4
ящыщу нэхъ,4
джэ макъым,4
Хэкум папщIэ,4
ЦIыпIынэ Хьэсанш,4
унафэ хуещI,4
Адыгэ усыгъэм,4
къулыкъу щищIэну,4
Советская молодежь,4
акъылэгъу хъуащ,4
игу къигъэкIыжырт,4
Къэрал саугъэтхэм,4
1985 гъэм,4
Лермонтов Михаил,4
Истамбыл дэс,4
жыхуаIэм хуэдэт,4
езы дыдэм,4
БлэкIа лIэщIыгъуэм,4
Къардэн Мурат,4
деж лъагъунлъагъу,4
япэ махуэм,4
хуэдэу фIыуэ,4
художественнэ тхыгъэ,4
жиIащ Аджыкъу,4
щIэупщIащ Аджыкъу,4
граждан зауэм,4
жиIащ Илья,4
Къэбэрдеймрэ Урысеймрэ,4
тхьэм ищI,4
Iуэху бгъэдыхьэкIэм,4
хуей щыхъум,4
1948 гъэм,4
Зыми зыри,4
мыхъу щIыкIэ,4
уэрамым тет,4
гъэм мэкъуауэгъуэм,4
Iуэхур къызэрекIуэкIар,4
Дауэ мыгъуэ,4
жыхуаIэм хуэдэщ,4
нэгу щIэтщ,4
адыгэхэр абы,4
къуэ закъуэ,4
щхьэц Iувым,4
лIы мыцIыхум,4
етхуанэ къыдэкIыгъуэ,4
мин бжыгъэ,4
еплIанэ къыдэкIыгъуэ,4
мамэрэ папэрэ,4
къеплъащ абы,4
хъыджэбз хьэщIэр,4
хамэ щIыпIэ,4
къаз шыр,4
хэлъын хуей,4
Толстой Алексей,4
вакъуэ адэм,4
езы тхакIуэм,4
закъуэ дыдэу,4
къэбэрдей адыгэхэм,4
Къуныжь ХьэIишэт,4
Тенджыз Iуфэм,4
унафэ гуэр,4
жьэгу пащхьэ,4
дэнэ кIуэн,4
Ауэ хэт,4
Iэщым фIыуэ,4
дауэ щыт,4
нэхъ Iейр,4
адыгэ шум,4
НэгъуэщI мыхъуми,4
нэхъыбэ дыдэ,4
щызэхуэхьэса тхылъ,4
рифмэ ухуэкIэр,4
къэмыс щIыкIэ,4
НэгъуэщI хэкIыпIэ,4
хэкъузауэ жиIащ,4
дыгъэ бзийхэр,4
адыгэ щIалэр,4
цIыхубзхэм ящыщ,4
пIалъэм къриубыдэу,4
дуней гъащIэр,4
КIыщокъуэ Алимрэ,4
адэр дунейм,4
1996 гъэм,4
Мэлбахъуэ Тимборэ,4
нэхъ мащIэщ,4
Заказ №131,4
фIэщ хъууэ,4
махуэ къэскIэ,4
щIалэжь цIыкIухэм,4
щхьэщэ ищIащ,4
Дэбагъуэ Роман,4
ТекIуэныгъэ Иныр,4
Гулъытэншэ хъуахэр,4
Иныр илъэс,4
сом мелуан,4
Гъуэгу здытетым,4
гугъу ящIыр,4
щыщIэса илъэсхэм,4
щIагъуэ щыIэтэкъым,4
пIалъэ кIыхькIэ,4
шыбз гуартэр,4
абы жиIэр,4
Заказ №372,4
бзу цIыкIур,4
Адыгэ хэкум,4
нэгум къищу,4
доктор диссертацэр,4
нобэм къэс,4
деж къэсащ,4
мывэ сын,4
Къанщобийрэ Гуащэгъагърэ,4
Къамбот сымэ,4
кIэм деж,4
1993 гъэм,4
цIэ лъапIэхэр,4
дежкIэ зегъазэри,4
Нэху щыху,4
1992 гъэм,4
1960 гъэм,4
хэт лIыхъужьхэм,4
ЩIакIуэ кIапэ,4
Бэрэгъун Владимир,4
зиIэ пасэрей,4
Абыхэм яхэтщ,4
Урыс Хьэталий,4
Уигу къызумыгъабгъэ,4
цIыкIум хуэдэу,4
гугъу ищI,4
Шыбзыхъуэ Басир,4
Дигу къэдгъэкIыжынщ,4
жэуап къетыж,4
мывэ гъуанэм,4
гъущI гъуэгу,4
лъэпкъхэм яку,4
гъущI кIапсэ,4
зэрихьэу Москва,4
пIэ лъапэм,4
искусствэмкIэ щIыхь,4
секретару щытащ,4
сыти жыIи,4
Краснодар крайм,4
гушыIэмрэ ауанымрэ,4
шым уанэ,4
Хуэрэджейр мэгъагъэ,4
Печатный двор,4
нэгъуэщI хэкIыпIэ,4
зэи зыри,4
ТIыхъужь Алий,4
ФIыцIэ Iуфэм,4
гуапэу сэлам,4
абы зэреджэр,4
Сыт къыпщыщIар,4
хэту пIэрэ,4
хуейуэ унафэ,4
псы къиуам,4
нэхърэ нэхъыфIщ,4
усэ сатырхэм,4
лъандэрэ адыгэхэм,4
псы тIэкIу,4
шыуан цIыкIур,4
щапхъэу къэпхь,4
фIы гуэр,4
ФIыуэ узолъагъу,4
Къанокъуэ Арсен,4
фIыуэ ялъагъу,4
Пщыхьэщхьэ гуэрым,4
япэм хуэдэу,4
тхьэм жиIэмэ,4
гур зэIухауэ,4
Сытым щхьэкIэ,4
щхьэ мыхъурэ,4
Даур Аслъэн,4
нобэ щыщIэдзауэ,4
сатырхэм щыщщ,4
зыри жиIэртэкъым,4
дыщэ ахъшэ,4
абы езым,4
дахэ куэд,4
щапхъэ зыбжанэ,4
щхьэкIэ сыт,4
дуней нэху,4
уэрэд дахэ,4
адыгэ уэрэдыжьхэр,4
зэманым абы,4
Тхьэ лъапIэм,4
илъэси 150-рэ,4
Хъунщ иджы,4
етIуанэ Iыхьэм,4
хъер улъагъу,4
жылагъуэ гъащIэм,4
Мис ахэр,4
жаIэу щытащ,4
фIэщ хъунтэкъым,4
КIэрэф Залымджэрий,4
уэрэд жыIэкIэр,4
ящIу щытащ,4
щапхъэ зытрах,3
щхьэр ищIри,3
фIы дыдэуи,3
Адыгэ хэхэсхэм,3
абхъазхэмрэ адыгэхэмрэ,3
макъ зэхэсхащ,3
Заказ №473,3
Адыгэ щэнхабзэм,3
Заказ №791,3
Заказ №733,3
Плъыжь орденыр,3
илъэс бжыгъэ,3
жиIэ щхьэкIэ,3
адэр зыукIам,3
Заказ №370,3
апхуэдэу щыщыткIэ,3
упсын хуей,3
хэт жыIэт,3
Шэвлокъуэ Петр,3
зыри жиIэркъым,3
пшынэ макъ,3
псыгъуэ кIыхь,3
зыри хэткъым,3
жыг щхьэкIэ,3
хьэ цIыкIур,3
Заказ №2723,3
куэдрэ къохъу,3
щхьэ упсын,3
деж щынэхъ,3
псэр зышхын,3
куэд абы,3
Iэпкълъэпкъ псом,3
ину дыхьэшхащ,3
кандидат диссертацэр,3
нэхъ пажэхэм,3
мурад яIэу,3
адыгэ гъащIэм,3
тхылъым ихуа,3
ныбэ изу,3
пащтыхь гуащэм,3
гугъу щыщIар,3
Сыт сщIэн,3
Вагъуэ Плъыжь,3
Мысачэ Петр,3
Заказ №267,3
теухуа хъыбарыр,3
Хьэжмурат урысхэм,3
1991 гъэ,3
ауан сощI,3
лъэпкъ щыIэкъым,3
унэм щIыхьэжащ,3
нэужь лъэхъэнэм,3
Мамсыр Нэкъар,3
Литературэ институтыр,3
Кърым хъаныгъуэм,3
ЩыIэкъым мыбы,3
гуапэ мэхъу,3
Заказ №2045,3
Кавказым щыщ,3
жери лIыр,3
илъэсхэм абы,3
лэжьакIуэу щыта,3
Iуэхум теухуауэ,3
жэуап зыхьыр,3
тхыгъэ псори,3
псэ къабзэкIэ,3
Дауэ къыпщыхъурэ,3
Дауи ирехъуи,3
жиIэнур имыщIэу,3
бзыщIын хуей,3
лъэпкъ IуэрыIуатэм,3
Нэм къиплъыхьыр,3
цIыху цIыкIу,3
унэ ихьэжащ,3
Дунейм ехыжа,3
гъуэгу теуващ,3
кIэбгъу зищIыжащ,3
бжьэ матэ,3
мурад ищIауэ,3
псэу щIыкIэ,3
Тхьэм уиузэщI,3
къуэ нэхъыжьыр,3
Заказ №2210,3
гуэр деж,3
къару лъэщ,3
хуэдэ зэмани,3
жиIащ бажэм,3
Къанкъул Заур,3
щабэ дыдэу,3
Алим къыщалъхуа,3
илъэс пщыкIутху,3
Мис апхуэдэщ,3
Зауэм хэкIуэда,3
Заказ №183,3
абы нэгъуэщI,3
усэхэмрэ поэмэхэмрэ,3
Адыгэ къафэ,3
Къэтхьынщ щапхъэ,3
куу зыбгъэдэлъ,3
жиIащ Мысост,3
Илъэс тIощIрэ,3
дэнэ укъикIа,3
Заказ №2339,3
япэ къэбэрдей,3
Батыр ефэндыр,3
Къаплъэныфэ зыщыгъ,3
щхьэ бзыщIын,3
Дзэмыхь Къасболэт,3
щIэныгъэм щыхагъахъуэ,3
япэхэм хуэдэу,3
гугъу фщIыр,3
хэкур фIыуэ,3
зыми щымыщу,3
ЩоджэнцIыкIу Нурий,3
Адыгэ уэрэдыжьхэм,3
махуэхэм къыщыщIэдзауэ,3
илъэс бжыгъэм,3
нэхъ тыншщ,3
Батыр ефэндым,3
Хьэнфэн Алим,3
гъащIэм нэхъ,3
сыхьэт ныкъуэ,3
Тхьэм куэдрэ,3
Тхьэмокъуэ Барэсбий,3
щIыпIэ жыжьэхэм,3
щIакъуэ башыр,3
усакIуэщ Бицу,3
дауэ сыхъуну,3
ХьэIупщы Лолэ,3
Къэжэр Иннэ,3
IэнатIэ псоми,3
Тамбий Данил,3
зытIущ нэхъ,3
адыгэ усэ,3
Заказ №453,3
фIэкIа зэрыпщIэн,3
КъызэщIэкъуауэ къэбгъэлъагъуэмэ,3
Дауэ хъуми,3
Мис абдеж,3
усэ тхыным,3
адыгэбзи тетщ,3
Рейхстагым адыгэбзи,3
Псыхьэ нанэ,3
лъэпкъ куэд,3
Заказ №1238,3
минрэ щибгъурэ,3
щылажьэ Адыгэ,3
ФIыуэ плъагъут,3
гъэм февралым,3
усэ гуп,3
фIэкIа пщIэнкъым,3
фIыуэ сощIэ,3
тхылъ псом,3
купщIафIэ куэд,3
ехъулIэныгъэ иIэу,3
плIы гъэм,3
къыщесыр уэсыр,3
уэсыр ФIыуэ,3
лъэныкъуэ зырызкIэ,3
Тэрч-Кубань полкым,3
мин бжыгъэкIэ,3
щибгъурэ плIы,3
лъэпкъ куэдым,3
дауэ мыхъуми,3
Заказ №333,3
нэхъ къэсщтэнущ,3
нэхъ щабэ,3
къару гуэрым,3
нэхъ насыпыфIэ,3
Мэремкъул Ленэ,3
Шырыт Хьэтызэ,3
лъэныкъуэ куэдкIэ,3
нэгум хуиту,3
тхьэ пхузоIуэ,3
яужь дитщ,3
мазитI къэс,3
адыгэбзэкIэ къыдэкI,3
къалэн нэхъыщхьэу,3
Борис сымэ,3
Зытэлай дэкIри,3
щэхуу жиIащ,3
Ижь-ижьыж лъандэрэ,3
гупым хэт,3
Жэмбей КIуушкIэ,3
тхьэмадэ ХьэфIыцIэ,3
Бахъсэн къалэ,3
дахэ дыдэ,3
ХьэхъупащIэ Амырхъан,3
япэ къыдэкIыгъуэр,3
дунейм къызэрытехьэрэ,3
иIэн хуейщ,3
зыгуэр игу,3
пащхьэ къиуващ,3
шынагъуэ гуэр,3
хъыджэбз цIыкIухэр,3
ЛIуп Лидэ,3
макъ дахэ,3
фIэщ дыдэу,3
нэхъ курыхыу,3
щыхъум деж,3
Краснодар дэт,3
1560 гъэм,3
гъуэгу захуэ,3
цIыкIу мыгъуэр,3
Къэбэрдейми Урысейми,3
урыс къалэр,3
кIыхь хъуну,3
аргуэру зэщIэплъэжащ,3
Адыгэбзэ псалъалъэ,3
щыта къэбэрдеипщхэр,3
партымрэ правительствэмрэ,3
Азие Курытым,3
пщышхуэ Идар,3
къэрал щIыб,3
Кърым хъаныгъуэмрэ,3
хуейщ абы,3
дамэгъу зэрыхуэхъуар,3
Ахъмэт Мухьэдин,3
лIыжь гуэр,3
Алим теухуа,3
псалъэм щхьэкIэ,3
ПщIэр сыт,3
тхыгъэ нэхъыфI,3
гъэм Идар,3
Темрыкъуэ урыс,3
икIи хьэлъэ,3
къэбэрдей поэзием,3
Урысеймрэ яку,3
Урысейм дамэгъу,3
1567 гъэм,3
Нэху зэрыщу,3
тхьэмыщкIэ цIыкIу,3
нэм нэху,3
лъэр Кавказ,3
гъущI Iунэ,3
езым хуэдэ,3
фIэкI нэгъуэщI,3
илъэс 65-рэ,3
Абы щыгъуэщ,3
фIыуэ илъагъур,3
Аслъэнрэ Iэсиятрэ,3
2002 гъэм,3
1956 гъэм,3
Заказ №506,3
илъэс 35-рэ,3
щхьэнтэ щIагъым,3
Ленинград дэт,3
яужь итащ,3
гупсысэ куум,3
65-рэ ирокъу,3
Заказ №1150,3
итщ тхылъым,3
цIэрыIуэ хъуащ,3
фIыуэ зэрилъагъур,3
пэжу жыпIэмэ,3
нэхъ пэжу,3
Германием щыпсэу,3
ГушыIэ махуэ,3
Темрыкъуэ ипхъу,3
напIэр Iэти,3
Псынэ къабзэм,3
гъуэлъыпIэ щIагъым,3
хуищIа хэлъхьэныгъэр,3
зыгуэр хъунщ,3
хуей хъуат,3
нэхъ лъахъшэ,3
Къул Амир,3
Зэману дахэ,3
щIалэ закъуэр,3
хъунущ абы,3
Къалэм дэгъуэщыхьа,3
къуажэ Советым,3
Заказ №1601,3
зэман хьэлъэм,3
жэуапыхь секретарь,3
псори зэхэту,3
ЖьэкIэмыхъу Маринэ,3
Къэбэрдей-Балъкъэр обкомым,3
зигу илъ,3
Къэбэрдей-Балъкъэр АССР-м,3
Заказ №1755,3
къэрал лэжьакIуэ,3
Дзэ плъыжьым,3
Къардэн Къубатий,3
щыгъуазэ хъуащ,3
Къэбэрдей пэж,3
япэ номерыр,3
гъэсэныгъэ дахэ,3
Гъубж Мухьэдин,3
Тырку сатуущIэм,3
Хэку зауэ,3
Заказ №406,3
гугъу умыщI,3
Дыгъужь Къурмэн,3
Губгъуэм сыкъинами,3
зауэ орденым,3
1944 гъэ,3
Iугъуэ фIыцIэр,3
лауреат хъуащ,3
психологие кууагъ,3
нэхъыфIхэм ящыщ,3
журналым еджэхэм,3
Къамбий Зуфар,3
Налшык къалэм,3
министру щыта,3
лъакъуэ сэмэгум,3
жеIэ игукIэ,3
Къоджэм уигъэжейркъым,3
нэхъ цIыкIу,3
щIалэжь цIыкIум,3
къэхутэныгъэ щхьэхуэ,3
пщIащэр жьыху,3
Гъатхэ къэсыху,3
илъэс зэхуэмыдэхэм,3
нэхъ мыхьэнэшхуэ,3
Дэшхуей гуэрэн,3
щхьэхуэ хуэфащэщ,3
усэ гъэпсыкIэм,3
Абыхэм ящыщт,3
щыщ зауэлI,3
Языныкъуэхэм деж,3
тщIы тхылъым,3
фочауэ дивизэм,3
гъуэгу техьэжащ,3
нэхъыщхьэхэм ящыщщ,3
Тыркум Iэпхъуэн,3
шыпхъу нэхъыжь,3
къуэдзэу щытащ,3
хущхъуэр псым,3
тхыдэ щIэныгъэхэм,3
Хьэуэ жыпIэрэ,3
щыкъу анэр,3
1965 гъэм,3
1925 гъэм,3
унафэщIу щыта,3
хуейуэ арат,3
Граждан зауэм,3
къызжиIакъым жумыIэж,3
екIи фIыкIи,3
щIэныгъэ лэжьыгъэ,3
фIы щыщIэнт,3
Тубай Мухьэмэд,3
гум къэкIащ,3
Аруан районым,3
бригадэ пщыIэм,3
апхуэдэу жумыIэ,3
тхакIуэ куэдым,3
Урысейм ЩIэныгъэхэмкIэ,3
художественнэ тхыгъэхэм,3
ЩIалэ цIыкIуитIыр,3
езы пщым,3
къэхъуну псор,3
Дуней гъащIэ,3
фIыуэ щыгъуазэт,3
Уэлэхьи хьэзим,3
сыт щыгъуэ,3
жагъуэ мэхъу,3
щIалэ цIыкIури,3
Сэнят абы,3
лъэхъэнэм лъэпкъ,3
Iуэху еплъыкIэхэм,3
жепIэурэ Дахэм,3
унэ хадэ,3
щхьэ мыгъуагъэ,3
телефон номерыр,3
ПщIэну щыткъым,3
Ауэ фIыуэ,3
щIалэгъуалэ гуп,3
Iэдакъэ къыщIэкIар,3
налъэ хремыху,3
къэфакIуэ гупым,3
фIыуэ слъагъур,3
Адэжь щIыналъэ,3
Заказ №197,3
адыгэ республикищми,3
абхъаз-адыгэ бзэ,3
къэбэрдей-шэрджэс литературэм,3
дэпым хуэдэу,3
хъун хуэдэу,3
пхъэ къутапIэм,3
республикэм къыщыдэкI,3
зэмыщхьу Iэджэ,3
бжыгъэр дапщэ,3
щIылъэм Макъ,3
КъыщоIур щIылъэм,3
дапщэ хъуми,3
Макъ зэмыщхьу,3
1916 гъэм,3
мащIэу къыпыгуфIыкIри,3
Дахэм игу,3
уIэгъэ хъуауэ,3
сыкъихуу Губгъуэм,3
игу сигъэлъ,3
палатэм хэт,3
уанэгу сыкъихуу,3
хъуми Хэт,3
егъэджакIуэу щыта,3
ПщIэ зыхуэсщI,3
уигу игъэлъ,3
Нэхущ Заурбий,3
Адыгэ Хасэр,3
жиIащ ГъуэгулI,3
Iуэху хэлъ,3
Илъэс куэдкIэ,3
ящыщ дэтхэнэ,3
Кавказ къуршхэм,3
псори зэуэ,3
хуэдэу щымытами,3
Заказ №184,3
адыгэ цIыхубзым,3
абы гъащIэм,3
хьэблэ псом,3
лъэпкъ дамыгъэр,3
гъащIэ псокIэ,3
дежкIэ нэхъ,3
къару псори,3
Ауэ ари,3
Iэблэр иубыдри,3
емыкIу сыкъыумыщI,3
нэпсым къызэпижыхьащ,3
щIэкIиящ абы,3
ПщIэ зыхуэтщI,3
щхьэщэ ищIри,3
шыпхъу цIыкIум,3
лъэпкъым щыщ,3
хэкум къигъэзэжа,3
зэрыжиIэжу щытамкIэ,3
IупщI дыдэу,3
художественнэ унафэщIу,3
дэтхэнэ усэри,3
гъуэгуанэ кIыхь,3
дзэр зауэм,3
адыгэ мэкъумэшыщIэхэм,3
цIэфIэщ джанэ,3
гуапэ хъуат,3
Абы ищIэрт,3
хъун хуейщ,3
щхьэр ирихьэхащ,3
Хьэмырзэ Ахьмэд,3
натIэ зыхуэхъуа,3
щыпсэу цIыхухэм,3
совет лъэхъэнэм,3
Ауэ дэнэ,3
Жьакуэ къуажэм,3
нэхъ къызощтэ,3
кIий макъ,3
Усыгъэ Усэхэр,3
мыхьэнэшхуэ яIэщ,3
1927 гъэм,3
апхуэдэ гупсысэ,3
ЕмкIуж Андзор,3
Нэхей Аслъэн,3
гъэхэм къэсыху,3
нэхъыщхьэхэм ящыщ,3
бжэм деж,3
роль нэхъыщхьэхэр,3
театр гъуазджэм,3
Iэрамэ кIыхьу,3
тхьэмахуэ къэс,3
Алыхьыр арэзы,3
жьэгу мафIэр,3
нэфIыр зыщыхуэн,3
куэд елъытащ,3
псалъэр зэпигъэури,3
гъуэгу мыгъуэ,3
унэр мафIэм,3
Тэрч Iуфэ,3
тIэу еплъынукъым,3
натIэ хъуар,3
Iупхъуэр зэIуах,3
тхылъымпIэ напэр,3
Жэщ псом,3
шэч къытрихьэркъым,3
Зырамыку абы,3
сыт жиIэми,3
япэ итт,3
Адыгэ IуэрыIуатэхэр,3
Алыхь лъапIэ,3
нэхъ пIалъэ,3
щхьэр сощI,3
шэч хэлъу,3
теухуа хъыбар,3
дэнэ щIыпIи,3
Тхыдэ роман,3
усэ пасэхэм,3
хэку псом,3
дзэ фIыцIэр,3
шыбз гуартэм,3
Заказ №27,3
Уэшх зыщэ,3
жыпIэр сыт,3
дэнэ къипхын,3
Сыт апхуэдизу,3
фIэщ мыхъуным,3
пIалъэ имыIэу,3
Абы къыкIэлъыкIуащ,3
нэщхъейуэ погуфIыкI,3
Дауэ уеплърэ,3
Курыт еджапIэм,3
гугъу уэзгъэщIынут,3
хэхэс гъащIэр,3
дунейм тетым,3
дунейм щехыжам,3
Лэжьыгъэ нэужьым,3
Сэр щхьэкIэ,3
увыпIэ щхьэхуэ,3
псалъэм пещэ,3
Абыхэм яхэтт,3
псэр пыт,3
адыгэ щыпсэу,3
лъэпкъ Iуэхур,3
Къантемыр Тыркубий,3
адыгэбзэ къабзэкIэ,3
цIэрыIуэ щыхъуа,3
ящыщ гуэрым,3
Къалмыкъ Юрэ,3
Апажэ Ахьмэд,3
Заказ №368,3
нобэрей щIэблэм,3
Омер Сейфеддин,3
Альфред Оттович,3
анэр дунейм,3
Iэнэм щысхэм,3
Къэбэрдей-Балъкъэрым щыщ,3
шэрджэс тхакIуэ,3
нэхъ иужькIэ,3
Мыр дауэ,3
Къэхъуар сыт,3
щхьэ зэрыхьщ,3
Псыжь губгъуэ,3
зыгуэркIэ сэбэп,3
Мис иджыщ,3
Сигу щIэгъуащ,3
Къуэныкъуей Назир,3
къытехьа тхыгъэхэм,3
кIыфI мэхъу,3
ахэр нэхъ,3
2016 гъэм,3
фIыщIэ хузощI,3
цIыхубэ сурэтыщI,3
къэхъуа псор,3
Адыгэ Хасэмрэ,3
щэнхабзэмрэ гъуазджэмрэ,3
шыр цIыкIу,3
Ауэ щыхъум,3
япэ курсым,3
КIэбгъулъ мэзым,3
Зыми ищIэркъым,3
жыжьэ дыдэ,3
адыгэбзэ текстым,3
хабзэ ткIийхэм,3
ухуэкIэр мыращ,3
зэхуаку дэлъ,3
гъэхэм къыщегъэжьауэ,3
лIыгъэр здынэсыр,3
Щэуей Мидэ,3
нэхъ жыжьэ,3
псэм щыщ,3
Борис хужаIахэм,3
Борис къызэралъхурэ,3
нэхъ Iеиж,3
еджапIэ нэужьым,3
щхьэр мащIэу,3
жеIэ Удынэ,3
фIыуэ ещIэ,3
Алэдамэ абы,3
НэгъуэщI зыри,3
жеIэ зым,3
сонет къэскIэ,3
гум щищIыжащ,3
щищIыжащ унагъуэ,3
къэрал мэкъумэш,3
натIэм илъагъэнт,3
къыдэкIуэтей щIэблэр,3
Илъэсхэм уардэу,3
щхьэгъусэм гъащIэр,3
зэхэт ямбкIэ,3
НэгъуэщI щхьэгъусэм,3
хэхауэ къэбгъэлъагъуэмэ,3
илъагъэнт дызэпэIэщIэу,3
жылагъуэ зэгухьэныгъэм,3
Лъагъуныгъэм сыхуэщыпкъэщ,3
ямбкIэ тхащ,3
Жьыщхьэ махуэ,3
нэпситIыр къелъэлъэхыу,3
Кавказ къуршым,3
унафэщIхэм ящыщ,3
ауэ нэгъуэщI,3
Насрэн ЖьакIэ,3
жиIащ Уэзырмэс,3
щекIуэкIа Олимп,3
Иужьрей илъэсхэм,3
Лондон щекIуэкIа,3
унагъуэм щызэрахьэ,3
къалэм къыщалъхуащ,3
бзэ гупым,3
командэ къыхэхам,3
Хэхэс адыгэхэм,3
хьэрф зэгуэт,3
зекIуэ ежьа,3
нэпцI зытелъ,3
уэрэдымрэ къафэмкIэ,3
щекIуэкIа дунейпсо,3
алыдж-урым бэнэкIэмкIэ,3
Адыгэ ФIыщIэ,3
щыта адыгэ,3
псоми хуэдэу,3
Заказ №110,3
Уэшх нэужьым,3
Федерацэм щэнхабзэмкIэ,3
Шэрэдж толъкъунхэр,3
Бланэ щалъху,3
Псалъэр Налшыкщ,3
щалъху йокIуэж,3
БлэкIа илъэсым,3
гуэр хъунщ,3
зэмылIэужьыгъуэхэм къахэкIа,3
Уафэгъуагъуэ макъыр,3
КъызжаIэ пэтми,3
мыхьэнэшхуэ иIэт,3
академическэ ансамблым,3
Уэхъутэ Александр,3
щхьэм илъыр,3
новеллэ жанрым,3
куэдрэ сиуфэнщIащ…,3
уэшхым куэдрэ,3
шабзэмрэ бжымрэ,3
ФIыщIэ Хасэм,3
Заказ №19,3
Iэщэ гуэр,3
хъыбархэм къызэрыхэщщи,3
дэнэ щищIэнт,3
дыдэ къежьа,3
Адыгэ щIалэм,3
гъэм екIуэкIа,3
лъэпкъ напэр,3
1967 гъэм,3
джатэми нэхърэ,3
1933 гъэм,3
зыхуейм хуэдиз,3
1932 гъэм,3
гъащIэм теухуа,3
гуэрым мыпхуэдэ,3
Нарт хъыбархэм,3
хьэрып къэралхэм,3
псалъэ къызэринэкIащ,3
тхыгъэ къыхэхахэр,3
зэрыщыт дыдэм,3
къэхутэныгъэ лэжьыгъэ,3
кIуэрэ пэт,3
щызэрахьэ Iэмэпсымэ,3
Лъэпкъ дамыгъэхэм,3
нэхъ нэхъ,3
нэхъ IэфI,3
макъыр нэхъ,3
нэхъ псынщIэIуэу,3
щIагъым къыщIахыж,3
псэ пыт,3
афэ джанэр,3
мывэ блыным,3
1964 гъэм,3
зытелъ шыхэр,3
лIэщIыгъуэ кIыхьхэм,3
Кхъухь тедзапIэм,3
къэпщытакIуэ гупым,3
мывэ сынхэм,3
илъэс минищым,3
нэгъуэщI лъэныкъуэкIэ,3
щхьэусыгъуэ хуэхъури,3
тха усэхэр,3
псом къыщацIыху,3
щэбэтым къуажэм,3
нэмысу дунейм,3
жэщ къэс,3
цIыху гъащIэр,3
цIыху псоми,3
усакIуэм абы,3
нэхъ быдэ,3
Тамбий Аслъэнбэч,3
150-рэ щрикъум,3
игу ирихьащ,3
адыгэ цей,3
НэкIуэж щэбэтым,3
Тхьэм ирещIи,3
зэриухрэ илъэси,3
мыпхуэдэу щыжеIэ,3
уэсыр къос,3
къэзакъ жылагъуэхэр,3
Заказ №46,3
удзи къремыкI…,3
жьэ къыжьдыукI,3
тхьэм ищIэнщ,3
дэнэ къикIа,3
фIэкIа пщIэнтэкъым,3
Марье Васильевнэ,3
Бейтыгъуэн Сэфарбий,3
Тхьэм ищI,3
цIыкIу закъуэр,3
нэхъ ерыщ,3
актёр IэщIагъэм,3
Урыс драмэ,3
дамыгъэ лъапIэхэри,3
щIы кIапэ,3
Лажьэ зимыIэ,3
шэнт лъахъшэ,3
Къаздэхъу СулътIан,3
пщIантIэ нэщIым,3
фIэщ хъуа,3
Сыт сщIэнур,3
ахъшэ хъарзынэ,3
Сыт щIэмыхъунур,3
щхьэр игъэсысащ,3
Иван Матвеевич,3
Марье Дмитриевнэ,3
хуабжьу гугъу,3
Iуащхьэ къуагъым,3
абы зыгуэр,3
нэпкъ лъагэм,3
нэщI хъуащ,3
адэкIэ къэхъунум,3
адэр зыукIар,3
махуэ лъапIэм,3
гугъу умыщIыххи,3
пащтыхь Александр,3
жэрыжэм тету,3
Сыхьэт ныкъуэ,3
нэр темыпыIэу,3
генерал Гейман,3
лъэпкъ Iуэхум,3
хэлъ абы,3
нэрылъагъу мэхъу,3
лъэпкъ зэмылIэужьыгъуэхэм,3
Молэ Владимир,3
амазонкэ къэралыгъуэр,3
псоми фIыуэ,3
сыт къытхуэбгъанэр,3
адыгэ хэкум,3
спектаклым хэт,3
нэхъ кIэщI,3
жылэ цIыкIум,3
Къэбэрдей уэрамым,3
хуэдэу адыгэкъуэр,3
гущIэгъур инщ,3
Усыгъэ Усыгъэ,3
къуэ нэхъыжь,3
IитI зэтедзауэ,3
Шолохов Михаил,3
Къэбэрдей-Балъкъэрымрэ щIыхь,3
Дон Iус,3
фэр шэхум,3
Абхъаз Республикэм,3
Урысей Федерацэмрэ,3
Федерацэмрэ Къэбэрдей-Балъкъэрымрэ,3
жеIэ Хурсанэ,3
Афанасий Игнатьевич,3
хъыбархэмрэ пшыналъэхэмрэ,3
ауэ иджыри,3
хьэлъэ гуэр,3
еплIанэ классым,3
къуажэдэс адыгэ,3
Ищхъэрэм щыпсэу,3
унафэщIу лэжьащ,3
тхылъхэри пособиехэри,3
Хъуран Батий,3
дунейм теттэкъым,3
иджырей лъэхъэнэм,3
литературэ щIэныгъэмрэ,3
Хъыджэбз цIыкIум,3
сэбэпышхуэ мэхъу,3
цIыху щхьэхуэм,3
наIуэ мэхъу,3
япэ итахэр,3
IуэрыIуатэмрэ литературэмрэ,3
хуэфэщэн пщIэ,3
ахърэтыр нэху,3
щIэныгъэмрэ критикэмрэ,3
япэ классым,3
зэрымащIэм къыхэкIыу,3
иужь дитщ,3
адыгэ сабийхэм,3
Хьэгъундокъуэ Яшар,3
ИкIэрей сыхьэтыр,3
гур узу,3
Уадыгэным къикIыр,3
Срехъу хьэфиз,3
хьэфиз ущысфIэкIуэд,3
узу къэкIуа,3
курыт еджапIэ,3
Къэрэшей-Шэрджэс Республикэм,3
бзэ псори,3
Апхуэдэ хабзэ,3
иджырей гъащIэм,3
Адыгэ грамматикэ,3
ныбжьым деж,3
щIыналъэ псоми,3
бзэхэм теухуа,3
адыгэ сабийхэмрэ,3
Нало Заурщ,3
бжыгъэр мин,3
Осетие Ищхъэрэ,3
Iуфэ Iус,3
абыхэм нэхъ,3
ЖыпIэр сыт,3
Iей дыдэу,3
жэщ кIыфIым,3
илъэс IэджэкIэ,3
Адыгэ театрым,3
къамэ Iэпщэр,3
Пэж дыдэщ,3
пщэ псыгъуэ,3
мин 500-м,3
пэм къыщыщIэдзауэ,3
ауэ псори,3
абы теухуа,3
унафэ хуищIащ,3
теплъэ зиIэ,3
щыпсэу лъэпкъ,3
нэхърэ нэхъыщхьэр,3
Къру закъуэ,3
ЦIыху напэ,3
Тхыгъэ къыхэхахэр,3
жери щIалэр,3
мыхьэнэр инщ,3
мин 290-рэ,3
къыщыдэкI газетхэм,3
Хуэбгъэфащэ зэрыхъунумкIэ,3
Стенькэ Разин,3
кIахэ адыгэхэр,3
Заказ №126,3
адэ шыпхъур,3
нарт эпосыр,3
щхьэкIэ абы,3
абы къыдэкIуэуи,3
шыр псым,3
хабзэхэм тету,3
ипхъу закъуэм,3
щытын хуейт,3
нэгъуэщI Iэджи,3
мащIэрэ кIуа,3
дигу къегъэкIыж,3
сыхьэтыр хуабэм,3
хуабэм егъэщIэж,3
уэрэд зэхэслъхьэну,3
хым зэпрысыкIхэр,3
мэхъу ахэр,3
пут закъуэ,3
пут ныкъуэ,3
Дудар Хьэутий,3
къэралым щекIуэкIа,3
Олимп лъагапIэм,3
медалыр къыщихьащ,3
щхьэкIэ къэмынэу,3
КхъуафэжьейкIэ хым,3
Джэдгъэф Борис,3
къуажэ псом,3
Гъэмахуэ Олимп,3
Олимп чемпион,3
лъэ макъым,3
дыгъэ бзий,3
Жыг хадэм,3
Абы зыри,3
Сэри абы,3
куэд хъуауэ,3
Борис илъэс,3
абы папщIэ,3
щыхуейм деж,3
зыкIи нэхъ,3
Заказ №722,3
Курыт еджапIэр,3
пащтыхьым деж,3
нэхъ жьыуэ,3
Плъагъукъым абы,3
щхьэкIэм къыпедзэ,3
бжыгъэкIэ къэкI,3
Псалъэжьу зэхэлъ,3
Гум псори,3
цIэрыIуэ дыдэ,3
псори къонэ,3
удз лъэпкъыгъуэщ,3
ищIэ пэтми,3
ягъэ кIынкъым,3
адэр лъэхъуэщым,3
зыри щыIэкъым,3
кIыхь ухъу,3
Шэч къытесхьэркъым,3
Мэз лъапэм,3
игу илъ,3
щIыналъэм щыпсэу,3
къэрал псоми,3
нэхъ хьэлъэж,3
Апхуэдэ щытыкIэм,3
Тэрч щIыналъэм,3
март мазэм,3
Пэжым ухуеймэ,3
нэмыцэ щIэныгъэлI,3
цIыху гъащIэ,3
къуажэм дэт,3
щыпсэу адыгэм,3
Черкесск дэт,3
нэхъ тхьэмыщкIэ,3
лъагъуныгъэ лирикэм,3
Абыхэм нэмыщI,3
фIэщыгъэр иIэу,3
къэбгъэлъагъуэ хъунущ,3
абы Къамбот,3
абы япэ,3
псэр пыту,3
етIуанэ къатым,3
1959 гъэм,3
Совет Союзымрэ,3
папщIэ фIыщIэ,3
адрей псори,3
дунейпсо зэгухьэныгъэм,3
литературэм хуищIа,3
игу къокI,3
хуищIа хэлъхьэныгъэм,3
къыдэкIуэтей щIэблэм,3
унэ цIыкIу,3
Мис иджыпсту,3
нобэ хуэдэу,3
удз гъэгъам,3
мазэ къэс,3
сэлам кърихащ,3
Сыти жыIи,3
цIыхубз цIыкIум,3
Адыгэ тхыбзэм,3
лажьэ иIэкъым,3
жиIащ Закурдаевым,3
Шурдым Жанхъуэт,3
ХьэтIохъущокъуэ Кургъуокъуэ,3
Iуэху фIы,3
фIы ирикIуэ,3
гъусэ щIалэм,3
жиIащ лIы,3
дэнэ къипха,3
пащтыхь Пётр,3
бгылъэ щIыпIэхэм,3
Iуащхьэ лъапэм,3
АбытIэ Владимир,3
адэкIэ пищащ,3
Шэрджэс Ипщэм,3
Ахьмэд сулътIаным,3
ХьэтIохъущокъуэ пщы,3
Пщы уэлийр,3
куэд щыIэщ,3
цIыхубэм фIыуэ,3
ислъам диныр,3
нэхъ пэгъунэгъуу,3
гъэ къэс,3
лъимытэу къэнакъым,3
нэхъ дахэж,3
Темыркъан Юрэ,3
Урысейм зэрыгухьэрэ,3
нэхърэ фIыуэ,3
гъущI гъуэгум,3
гуэр хэлъщ,3
дуней тетыкIэ,3
Адыгэ Республикэми,3
щыщ Iыхьэхэр,3
ныбжьэгъу нэхъыжь,3
нэщхъыр зэхеукIэ,3
Сириемрэ Ливанымрэ,3
гъунэгъу лIыжьым,3
куэд Iей,3
Мысостышхуэ Пщызэбийрэ,3
фIэкIа дэмыкIыу,3
бжыгъэ фIэкIа,3
абы жиIэхэм,3
Къэбэрдей пщы,3
щIакхъуэ Iыхьэ,3
мис аращ,3
шынэ хуэдэ,3
гуэрым деж,3
Адыгэ хьэщIэщым,3
Анапэ деж,3
анэм япэ,3
Нарт хъыбархэмрэ,3
ущрохьэлIэ нарт,3
къадэгъуэгурыкIуащ адыгэхэм,3
цIыхум дежкIэ,3
белджылыуэ жыпIэмэ,3
Ашабэ Миншакъ,3
ДыщэкI Мухьэмэд,3
пасэрей алыдж,3
мэл хъушэр,3
къэIуащ аргуэру,3
гъунэгъу лъэпкъхэм,3
щIырэ щызэхэкI,3
Iуащхьэ дежщ,3
гущIыIу дэгъэзеяуэ,3
афэ джанэ,3
Дзапэ уэрэд,3
губгъуэ нэщIым,3
зэрыщыту къапщтэмэ,3
Iэджэ лъандэрэ,3
псор абы,3
къуажэ гуэрым,3
иджы нэхъ,3
гъащIэ Iыхьэр,3
№219 ЖьантIэ,3
щыгъынкIэ хуэпауэ,3
илъэси 105-рэ,3
105-рэ ирокъу,3
бжэм зыгуэр,3
сыт мыгъуэр,3
мыр сыт,3
сабий закъуэр,3
зыгуэр къытоуIуэ,3
гугъу дыдэхэм,3
лIыхъужь нэхъыщхьэ,3
2006 гъэм,3
зэрыгухьэрэ илъэс,3
нобэрей махуэм,3
музыкальнэ Iэмэпсымэхэм,3
нэгъуэщI зыми,3
нэхъ къещтэ,3
нэгъуэщI щIыпIэкIэ,3
мин хуэдиз,3
Иван Васильевич,3
Хъэзэр тенджызым,3
щIыхьыр лъагэ,3
ауэ ахэр,3
пщы унэм,3
цIыху къызэрыгуэкIхэм,3
езым фIэфIу,3
илъэс плIыщIым,3
ягу ирихьащ,3
щIакIуэ фIыцIэм,3
Зэгъэщтокъуэ Людэ,3
Пэж дыдэуи,3
жери Сосрыкъуэ,3
адыгэ культурэм,3
зауэм кIуащ,3
Сэри аращ,3
1919 гъэм,3
яубыда нэужь,3
зыгуэр жиIэну,3
жыг жьауэм,3
щыма нэужь,3
зэман куэд,3
Мурат сэрэ,3
сыт имыщIэми,3
япэ усэ,3
усэ тхылъыр,3
апхуэдэ гулъытэ,3
дыгъэ бзийр,3
зыхуихьынур имыщIэу,3
зыгъэпIейтей Iуэхугъуэхэр,3
Самсун деж,3
Заказ №39,3
ауэ нобэ,3
япэ тхылъым,3
тхыгъэ нэхъыфIхэм,3
пащхьэм щиIэ,3
къыщIахыж пасэрей,3
художественнэ дунейр,3
пхъэ гъур,3
жыхуаIэм ещхьу,3
ныжэбэ кIуам,3
Апхуэдэ мурад,3
гъэм нэсыху,3
Тырку къэралыгъуэм,3
дунейм ехыжам,3
щхьэкIэ къимыгъанэу,3
пхъэ закъуэ,3
1859 гъэм,3
Нэхъ Iущ,3
кIуа нэужь,3
Адыгэ хабзэр,3
зимыIэ щыIэкъым,3
Сыт сщIэнт,3
япэ махуэхэм,3
сыту Iейуэ,3
гум фIыкIэ,3
нэгъуэщI гуэри,3
гугъэу ара,3
цIэрыIуэ щыхъуащ,3
илъэс плIыщI,3
1994 гъэм,3
ЩоджэнцIыкIу Алийрэ,3
фIыуэ илъагъуу,3
Щоджэн Леонид,3
АбытIэ Хъызыр,3
жиIащ Сосрыкъуэ,3
Сыт щыгъуэ,3
дунейм ехыжами,3
нэгъуэщI дамыгъэ,3
жэмыжь зырызыр,3
зэрылажьэм хуэдэурэ,3
ныкъуэм щIигъуауэ,3
сабийхэм папщIэ,3
къуэ Мухьэмэд,3
сабийм хуэдэу,3
лъэпкъ цIыкIум,3
гъащIэ гъуэгуанэр,3
япэ секретару,3
Адыгэ нарт,3
